Layer,IOType,Strategy,Inputs,Outputs,ReuseFactor,Precision,AreaHLS,LatencyHLS,IIHLS,AreaSYN,RuntimeHLS,RuntimeSYN
dense,io_parallel,Latency,4,4,1,"ac_fixed<16,6,true>",5053.1,1,4,4521.734,20,45
dense,io_parallel,Latency,4,4,2,"ac_fixed<16,6,true>",6759.2,4,7,6754.538,75,46
dense,io_parallel,Latency,4,4,3,"ac_fixed<16,6,true>",5376.2,11,14,5313.616,38,37
dense,io_parallel,Latency,4,4,4,"ac_fixed<16,6,true>",5268.1,16,19,5726.448,18,34
dense,io_parallel,Resource,4,4,1,"ac_fixed<16,6,true>",5295.8,6,8,5054.798,21,40
dense,io_parallel,Resource,4,4,2,"ac_fixed<16,6,true>",6948.8,2,4,4539.822,56,40
dense,io_parallel,Resource,4,4,3,"ac_fixed<16,6,true>",6948.8,2,4,4539.822,21,41
dense,io_parallel,Resource,4,4,4,"ac_fixed<16,6,true>",4177.4,4,6,3556.686,37,35
dense,io_stream,Latency,4,4,1,"ac_fixed<16,6,true>",20295.6,1,1,5170.774,10,52
dense,io_stream,Latency,4,4,2,"ac_fixed<16,6,true>",12356.3,2,2,6831.146,12,62
dense,io_stream,Latency,4,4,3,"ac_fixed<16,6,true>",8498.1,4,4,6880.888,13,53
dense,io_stream,Latency,4,4,4,"ac_fixed<16,6,true>",8498.1,4,4,6880.888,14,53
dense,io_stream,Resource,4,4,1,"ac_fixed<16,6,true>",20295.6,1,1,5170.774,9,51
dense,io_stream,Resource,4,4,2,"ac_fixed<16,6,true>",11653.9,2,2,5640.796,11,56
dense,io_stream,Resource,4,4,3,"ac_fixed<16,6,true>",11653.9,2,2,5640.796,11,54
dense,io_stream,Resource,4,4,4,"ac_fixed<16,6,true>",6793.7,4,4,4612.706,11,41
dense,io_parallel,Latency,8,8,1,"ac_fixed<16,6,true>",17585.2,1,4,15726.984,56,114
dense,io_parallel,Latency,8,8,2,"ac_fixed<16,6,true>",24424.1,4,7,23645.272,150,125
dense,io_parallel,Latency,8,8,3,"ac_fixed<16,6,true>",20131.5,12,15,21779.814,91,114
dense,io_parallel,Latency,8,8,4,"ac_fixed<16,6,true>",18074.1,16,19,20343.414,40,111
dense,io_parallel,Latency,8,8,5,"ac_fixed<16,6,true>",18410.2,40,43,21568.876,62,109
dense,io_parallel,Latency,8,8,6,"ac_fixed<16,6,true>",18374.3,48,51,21642.824,33,103
dense,io_parallel,Latency,8,8,7,"ac_fixed<16,6,true>",18357.7,56,59,21634.312,33,109
dense,io_parallel,Latency,8,8,8,"ac_fixed<16,6,true>",17057.5,64,67,20295.534,33,107
dense,io_parallel,Resource,8,8,1,"ac_fixed<16,6,true>",15777.0,25,27,14394.058,55,113
dense,io_parallel,Resource,8,8,2,"ac_fixed<16,6,true>",26238.0,2,4,17383.100,143,94
dense,io_parallel,Resource,8,8,3,"ac_fixed<16,6,true>",26238.0,2,4,17383.100,46,93
dense,io_parallel,Resource,8,8,4,"ac_fixed<16,6,true>",15396.2,4,6,12788.482,76,94
dense,io_parallel,Resource,8,8,5,"ac_fixed<16,6,true>",15396.2,4,6,12788.482,24,92
dense,io_parallel,Resource,8,8,6,"ac_fixed<16,6,true>",15396.2,4,6,12788.482,24,94
dense,io_parallel,Resource,8,8,7,"ac_fixed<16,6,true>",8808.1,8,10,7956.858,45,50
dense,io_parallel,Resource,8,8,8,"ac_fixed<16,6,true>",8808.1,8,10,7956.858,16,47
dense,io_stream,Latency,8,8,1,"ac_fixed<16,6,true>",79611.5,1,1,17314.206,14,116
dense,io_stream,Latency,8,8,2,"ac_fixed<16,6,true>",46896.0,2,2,22322.454,19,130
dense,io_stream,Latency,8,8,3,"ac_fixed<16,6,true>",31220.1,4,4,22810.032,20,129
dense,io_stream,Latency,8,8,4,"ac_fixed<16,6,true>",31220.1,4,4,22810.032,21,130
dense,io_stream,Latency,8,8,5,"ac_fixed<16,6,true>",23005.4,8,8,20039.110,21,124
dense,io_stream,Latency,8,8,6,"ac_fixed<16,6,true>",23005.4,8,8,20039.110,20,123
dense,io_stream,Latency,8,8,7,"ac_fixed<16,6,true>",23005.4,8,8,20039.110,23,125
dense,io_stream,Latency,8,8,8,"ac_fixed<16,6,true>",23005.4,8,8,20039.110,21,125
dense,io_stream,Resource,8,8,1,"ac_fixed<16,6,true>",79611.5,1,1,18210.360,14,120
dense,io_stream,Resource,8,8,2,"ac_fixed<16,6,true>",43252.6,2,2,17628.086,16,113
dense,io_stream,Resource,8,8,3,"ac_fixed<16,6,true>",43252.6,2,2,17628.086,16,111
dense,io_stream,Resource,8,8,4,"ac_fixed<16,6,true>",23743.1,4,4,14138.964,14,111
dense,io_stream,Resource,8,8,5,"ac_fixed<16,6,true>",23743.1,4,4,14138.964,14,112
dense,io_stream,Resource,8,8,6,"ac_fixed<16,6,true>",23743.1,4,4,14138.964,14,111
dense,io_stream,Resource,8,8,7,"ac_fixed<16,6,true>",13952.8,8,8,9816.464,14,65
dense,io_stream,Resource,8,8,8,"ac_fixed<16,6,true>",13952.8,8,8,9816.464,13,66
dense,io_parallel,Latency,16,16,1,"ac_fixed<16,6,true>",70990.6,2,5,64015.294,195,409
dense,io_parallel,Latency,16,16,2,"ac_fixed<16,6,true>",82656.1,4,7,84953.750,528,442
dense,io_parallel,Latency,16,16,3,"ac_fixed<16,6,true>",80953.0,12,15,90908.426,530,475
dense,io_parallel,Latency,16,16,4,"ac_fixed<16,6,true>",59972.7,16,19,68216.232,317,366
dense,io_parallel,Latency,16,16,5,"ac_fixed<16,6,true>",65235.0,29,32,73077.648,349,371
dense,io_parallel,Latency,16,16,6,"ac_fixed<16,6,true>",56511.3,48,51,67923.100,242,354
dense,io_parallel,Latency,16,16,7,"ac_fixed<16,6,true>",55390.9,56,59,64803.186,145,354
dense,io_parallel,Latency,16,16,8,"ac_fixed<16,6,true>",55763.5,64,67,65736.846,136,360
dense,io_parallel,Latency,16,16,9,"ac_fixed<16,6,true>",54413.3,144,147,64717.800,183,388
dense,io_parallel,Latency,16,16,10,"ac_fixed<16,6,true>",44597.0,159,162,53874.310,120,309
dense,io_parallel,Latency,16,16,11,"ac_fixed<16,6,true>",60479.5,176,179,71541.232,150,392
dense,io_parallel,Latency,16,16,12,"ac_fixed<16,6,true>",41386.6,191,194,49552.874,105,265
dense,io_parallel,Latency,16,16,13,"ac_fixed<16,6,true>",41391.8,206,210,49530.264,107,257
dense,io_parallel,Latency,16,16,14,"ac_fixed<16,6,true>",41402.1,221,226,49543.032,103,260
dense,io_parallel,Latency,16,16,15,"ac_fixed<16,6,true>",54264.6,240,243,65654.918,136,341
dense,io_parallel,Latency,16,16,16,"ac_fixed<16,6,true>",53689.9,256,259,64056.790,135,365
dense,io_parallel,Resource,16,16,1,"ac_fixed<16,6,true>",55234.1,65,67,44421.468,269,424
dense,io_parallel,Resource,16,16,2,"ac_fixed<16,6,true>",96713.5,2,4,68364.926,483,322
dense,io_parallel,Resource,16,16,3,"ac_fixed<16,6,true>",96713.5,2,4,68364.926,135,323
dense,io_parallel,Resource,16,16,4,"ac_fixed<16,6,true>",53820.1,4,6,48558.300,248,209
dense,io_parallel,Resource,16,16,5,"ac_fixed<16,6,true>",53820.1,4,6,48558.300,67,206
dense,io_parallel,Resource,16,16,6,"ac_fixed<16,6,true>",53820.1,4,6,48558.300,64,209
dense,io_parallel,Resource,16,16,7,"ac_fixed<16,6,true>",29602.5,8,10,29712.200,132,140
dense,io_parallel,Resource,16,16,8,"ac_fixed<16,6,true>",29602.5,8,10,29712.200,40,135
dense,io_parallel,Resource,16,16,9,"ac_fixed<16,6,true>",29602.5,8,10,29712.200,39,139
dense,io_parallel,Resource,16,16,10,"ac_fixed<16,6,true>",29602.5,8,10,29712.200,42,138
dense,io_parallel,Resource,16,16,11,"ac_fixed<16,6,true>",29602.5,8,10,29712.200,41,124
dense,io_parallel,Resource,16,16,12,"ac_fixed<16,6,true>",29602.5,8,10,29712.200,83,141
dense,io_parallel,Resource,16,16,13,"ac_fixed<16,6,true>",16829.7,16,18,17103.268,73,52
dense,io_parallel,Resource,16,16,14,"ac_fixed<16,6,true>",16829.7,16,18,17103.268,31,52
dense,io_parallel,Resource,16,16,15,"ac_fixed<16,6,true>",16829.7,16,18,17103.268,32,53
dense,io_parallel,Resource,16,16,16,"ac_fixed<16,6,true>",16829.7,16,18,17103.268,33,53
dense,io_stream,Latency,16,16,1,"ac_fixed<16,6,true>",317801.6,2,1,77485.002,31,473
dense,io_stream,Latency,16,16,2,"ac_fixed<16,6,true>",188775.1,3,2,90059.354,53,567
dense,io_stream,Latency,16,16,3,"ac_fixed<16,6,true>",181180.2,5,4,126278.712,167,631
dense,io_stream,Latency,16,16,4,"ac_fixed<16,6,true>",122032.0,5,4,84461.384,51,497
dense,io_stream,Latency,16,16,5,"ac_fixed<16,6,true>",137421.2,7,6,108609.928,152,552
dense,io_stream,Latency,16,16,6,"ac_fixed<16,6,true>",88823.3,9,8,74030.460,55,370
dense,io_stream,Latency,16,16,7,"ac_fixed<16,6,true>",88823.3,9,8,74030.460,55,371
dense,io_stream,Latency,16,16,8,"ac_fixed<16,6,true>",88823.3,9,8,74030.460,53,368
dense,io_stream,Latency,16,16,9,"ac_fixed<16,6,true>",73001.3,17,16,68065.144,57,307
dense,io_stream,Latency,16,16,10,"ac_fixed<16,6,true>",73001.3,17,16,68065.144,56,307
dense,io_stream,Latency,16,16,11,"ac_fixed<16,6,true>",73001.3,17,16,68065.144,56,307
dense,io_stream,Latency,16,16,12,"ac_fixed<16,6,true>",73001.3,17,16,68065.144,58,312
dense,io_stream,Latency,16,16,13,"ac_fixed<16,6,true>",73001.3,17,16,68065.144,57,312
dense,io_stream,Latency,16,16,14,"ac_fixed<16,6,true>",73001.3,17,16,68065.144,64,321
dense,io_stream,Latency,16,16,15,"ac_fixed<16,6,true>",73001.3,17,16,68065.144,62,312
dense,io_stream,Latency,16,16,16,"ac_fixed<16,6,true>",73001.3,17,16,68065.144,58,310
dense,io_stream,Resource,16,16,1,"ac_fixed<16,6,true>",317801.6,2,1,77493.514,31,468
dense,io_stream,Resource,16,16,2,"ac_fixed<16,6,true>",166497.9,2,2,62770.946,29,422
dense,io_stream,Resource,16,16,3,"ac_fixed<16,6,true>",166497.9,2,2,62770.946,28,415
dense,io_stream,Resource,16,16,4,"ac_fixed<16,6,true>",88390.4,4,4,45794.826,23,290
dense,io_stream,Resource,16,16,5,"ac_fixed<16,6,true>",88390.4,4,4,45794.826,22,291
dense,io_stream,Resource,16,16,6,"ac_fixed<16,6,true>",88390.4,4,4,45794.826,22,283
dense,io_stream,Resource,16,16,7,"ac_fixed<16,6,true>",49206.6,8,8,28948.514,18,182
dense,io_stream,Resource,16,16,8,"ac_fixed<16,6,true>",49206.6,8,8,28948.514,18,180
dense,io_stream,Resource,16,16,9,"ac_fixed<16,6,true>",49206.6,8,8,28948.514,16,182
dense,io_stream,Resource,16,16,10,"ac_fixed<16,6,true>",49206.6,8,8,28948.514,16,179
dense,io_stream,Resource,16,16,11,"ac_fixed<16,6,true>",49206.6,8,8,28948.514,16,180
dense,io_stream,Resource,16,16,12,"ac_fixed<16,6,true>",49206.6,8,8,28948.514,16,184
dense,io_stream,Resource,16,16,13,"ac_fixed<16,6,true>",29904.6,16,16,18597.124,15,75
dense,io_stream,Resource,16,16,14,"ac_fixed<16,6,true>",29904.6,16,16,18597.124,14,74
dense,io_stream,Resource,16,16,15,"ac_fixed<16,6,true>",29904.6,16,16,18597.124,15,74
dense,io_stream,Resource,16,16,16,"ac_fixed<16,6,true>",29904.6,16,16,18597.124,14,73
dense,io_parallel,Latency,32,32,1,"ac_fixed<16,6,true>",235111.8,2,5,209189.848,4431,1252
dense,io_parallel,Latency,32,32,2,"ac_fixed<16,6,true>",336938.7,4,7,323663.480,3137,1857
dense,io_parallel,Latency,32,32,3,"ac_fixed<16,6,true>",304829.3,12,15,341739.510,2986,2067
dense,io_parallel,Latency,32,32,4,"ac_fixed<16,6,true>",222060.9,16,19,254052.876,1876,1422
dense,io_parallel,Latency,32,32,5,"ac_fixed<16,6,true>",250385.3,30,33,278276.964,2669,1513
dense,io_parallel,Latency,32,32,6,"ac_fixed<16,6,true>",231733.9,41,44,251256.950,2897,1804
dense,io_parallel,Latency,32,32,7,"ac_fixed<16,6,true>",206076.3,56,59,240531.830,1770,1561
dense,io_parallel,Latency,32,32,8,"ac_fixed<16,6,true>",200782.5,64,67,235942.532,1355,1388
dense,io_parallel,Latency,32,32,9,"ac_fixed<16,6,true>",214898.2,96,101,231458.038,2605,1949
dense,io_parallel,Latency,32,32,10,"ac_fixed<16,6,true>",214817.3,106,112,230202.252,2201,1872
dense,io_parallel,Latency,32,32,11,"ac_fixed<16,6,true>",175583.4,172,178,208431.748,1258,1673
dense,io_parallel,Latency,32,32,12,"ac_fixed<16,6,true>",206046.9,192,195,243854.702,1578,1478
dense,io_parallel,Latency,32,32,13,"ac_fixed<16,6,true>",200454.9,208,211,237098.568,1605,1400
dense,io_parallel,Latency,32,32,14,"ac_fixed<16,6,true>",163124.5,223,226,196196.280,1220,1560
dense,io_parallel,Latency,32,32,15,"ac_fixed<16,6,true>",206471.4,240,243,246809.164,1649,1407
dense,io_parallel,Latency,32,32,16,"ac_fixed<16,6,true>",164414.2,255,258,201749.828,1145,1314
dense,io_parallel,Latency,32,32,17,"ac_fixed<16,6,true>",188728.5,532,546,223396.908,1075,1348
dense,io_parallel,Latency,32,32,18,"ac_fixed<16,6,true>",188731.7,563,578,223188.364,972,1555
dense,io_parallel,Latency,32,32,19,"ac_fixed<16,6,true>",188736.7,594,610,224093.030,1006,1542
dense,io_parallel,Latency,32,32,20,"ac_fixed<16,6,true>",188742.7,625,642,223202.462,1008,1552
dense,io_parallel,Latency,32,32,21,"ac_fixed<16,6,true>",188749.5,656,674,223123.194,1032,1635
dense,io_parallel,Latency,32,32,22,"ac_fixed<16,6,true>",188751.1,687,706,223707.330,1014,1375
dense,io_parallel,Latency,32,32,23,"ac_fixed<16,6,true>",188759.3,718,738,223151.656,1028,1623
dense,io_parallel,Latency,32,32,24,"ac_fixed<16,6,true>",188751.3,749,770,223437.606,1042,1333
dense,io_parallel,Latency,32,32,25,"ac_fixed<16,6,true>",188761.0,780,802,224139.580,1045,1410
dense,io_parallel,Latency,32,32,26,"ac_fixed<16,6,true>",188770.7,811,834,223120.800,1039,1378
dense,io_parallel,Latency,32,32,27,"ac_fixed<16,6,true>",188767.3,842,866,223441.330,1065,1478
dense,io_parallel,Latency,32,32,28,"ac_fixed<16,6,true>",188775.5,873,898,223191.556,1110,1334
dense,io_parallel,Latency,32,32,29,"ac_fixed<16,6,true>",188783.8,904,930,223441.596,1086,1523
dense,io_parallel,Latency,32,32,30,"ac_fixed<16,6,true>",188786.9,935,962,223090.742,1094,1312
dense,io_parallel,Latency,32,32,31,"ac_fixed<16,6,true>",188789.4,966,994,223425.636,1084,1296
dense,io_parallel,Latency,32,32,32,"ac_fixed<16,6,true>",188796.8,997,1026,223906.830,1135,1362
dense,io_parallel,Resource,32,32,1,"ac_fixed<16,6,true>",176997.2,129,131,156473.968,7976,1843
dense,io_stream,Latency,32,32,1,"ac_fixed<16,6,true>",1263110.8,2,1,274333.514,154,1846
dense,io_stream,Latency,32,32,2,"ac_fixed<16,6,true>",743336.4,3,2,333924.164,484,2157
dense,io_stream,Latency,32,32,3,"ac_fixed<16,6,true>",661963.7,5,4,435223.614,903,2639
dense,io_stream,Latency,32,32,4,"ac_fixed<16,6,true>",475688.3,5,4,322776.636,348,2000
dense,io_stream,Latency,32,32,5,"ac_fixed<16,6,true>",474169.5,7,6,350626.570,749,1843
dense,io_stream,Latency,32,32,6,"ac_fixed<16,6,true>",501739.6,8,7,370755.056,1351,2110
dense,io_stream,Latency,32,32,7,"ac_fixed<16,6,true>",341931.9,9,8,285836.152,324,1560
dense,io_stream,Latency,32,32,8,"ac_fixed<16,6,true>",341931.9,9,8,285836.152,323,1604
dense,io_stream,Latency,32,32,9,"ac_fixed<16,6,true>",367567.9,12,11,290466.680,943,1934
dense,io_stream,Latency,32,32,10,"ac_fixed<16,6,true>",367567.9,12,11,290466.680,942,1967
dense,io_stream,Latency,32,32,11,"ac_fixed<16,6,true>",279505.7,17,16,253682.604,367,1527
dense,io_stream,Latency,32,32,12,"ac_fixed<16,6,true>",279505.7,17,16,253682.604,376,1506
dense,io_stream,Latency,32,32,13,"ac_fixed<16,6,true>",279505.7,17,16,253682.604,366,1514
dense,io_stream,Latency,32,32,14,"ac_fixed<16,6,true>",279505.7,17,16,253682.604,371,1175
dense,io_stream,Latency,32,32,15,"ac_fixed<16,6,true>",279505.7,17,16,253682.604,367,1293
dense,io_stream,Latency,32,32,16,"ac_fixed<16,6,true>",279505.7,17,16,253682.604,364,1266
dense,io_stream,Latency,32,32,17,"ac_fixed<16,6,true>",246359.6,33,32,239766.814,390,1183
dense,io_stream,Latency,32,32,18,"ac_fixed<16,6,true>",246359.6,33,32,239766.814,387,1251
dense,io_stream,Latency,32,32,19,"ac_fixed<16,6,true>",246359.6,33,32,239766.814,387,1208
dense,io_stream,Latency,32,32,20,"ac_fixed<16,6,true>",246359.6,33,32,239766.814,354,1031
dense,io_stream,Latency,32,32,21,"ac_fixed<16,6,true>",246359.6,33,32,239766.814,363,1036
dense,io_stream,Latency,32,32,22,"ac_fixed<16,6,true>",246359.6,33,32,239766.814,374,1034
dense,io_stream,Latency,32,32,23,"ac_fixed<16,6,true>",246359.6,33,32,239766.814,358,1034
dense,io_stream,Latency,32,32,24,"ac_fixed<16,6,true>",246359.6,33,32,239766.814,362,1034
dense,io_stream,Latency,32,32,25,"ac_fixed<16,6,true>",246359.6,33,32,239766.814,363,1066
dense,io_stream,Latency,32,32,26,"ac_fixed<16,6,true>",246359.6,33,32,239766.814,374,1056
dense,io_stream,Latency,32,32,27,"ac_fixed<16,6,true>",246359.6,33,32,239766.814,371,1042
dense,io_stream,Latency,32,32,28,"ac_fixed<16,6,true>",246359.6,33,32,239766.814,360,1051
dense,io_stream,Latency,32,32,29,"ac_fixed<16,6,true>",246359.6,33,32,239766.814,368,1054
dense,io_stream,Latency,32,32,30,"ac_fixed<16,6,true>",246359.6,33,32,239766.814,359,1028
dense,io_stream,Latency,32,32,31,"ac_fixed<16,6,true>",246359.6,33,32,239766.814,354,1033
dense,io_stream,Latency,32,32,32,"ac_fixed<16,6,true>",246359.6,33,32,239766.814,351,1032
dense,io_stream,Resource,32,32,1,"ac_fixed<16,6,true>",1263110.8,2,1,274333.514,153,1799
dense,io_stream,Resource,32,32,2,"ac_fixed<16,6,true>",655508.3,3,2,234191.720,109,1437
dense,io_stream,Resource,32,32,3,"ac_fixed<16,6,true>",655508.3,3,2,234191.720,117,1476
dense,io_stream,Resource,32,32,4,"ac_fixed<16,6,true>",340679.3,4,4,164174.934,55,996
dense,io_stream,Resource,32,32,5,"ac_fixed<16,6,true>",340679.3,4,4,164174.934,55,993
dense,io_stream,Resource,32,32,6,"ac_fixed<16,6,true>",340679.3,4,4,164174.934,55,1023
dense,io_stream,Resource,32,32,7,"ac_fixed<16,6,true>",183928.1,8,8,99984.080,35,469
dense,io_stream,Resource,32,32,8,"ac_fixed<16,6,true>",183928.1,8,8,99984.080,36,465
dense,io_stream,Resource,32,32,9,"ac_fixed<16,6,true>",183928.1,8,8,99984.080,33,453
dense,io_stream,Resource,32,32,10,"ac_fixed<16,6,true>",183928.1,8,8,99984.080,34,460
dense,io_stream,Resource,32,32,11,"ac_fixed<16,6,true>",183928.1,8,8,99984.080,34,453
dense,io_stream,Resource,32,32,12,"ac_fixed<16,6,true>",183928.1,8,8,99984.080,36,462
dense,io_stream,Resource,32,32,13,"ac_fixed<16,6,true>",106664.0,16,16,58946.398,27,214
dense,io_stream,Resource,32,32,14,"ac_fixed<16,6,true>",106664.0,16,16,58946.398,26,219
dense,io_stream,Resource,32,32,15,"ac_fixed<16,6,true>",106664.0,16,16,58946.398,26,217
dense,io_stream,Resource,32,32,16,"ac_fixed<16,6,true>",106664.0,16,16,58946.398,27,215
dense,io_stream,Resource,32,32,17,"ac_fixed<16,6,true>",106664.0,16,16,58946.398,26,216
dense,io_stream,Resource,32,32,18,"ac_fixed<16,6,true>",106664.0,16,16,58946.398,26,215
dense,io_stream,Resource,32,32,19,"ac_fixed<16,6,true>",106664.0,16,16,58946.398,28,239
dense,io_stream,Resource,32,32,20,"ac_fixed<16,6,true>",106664.0,16,16,58946.398,26,216
dense,io_stream,Resource,32,32,21,"ac_fixed<16,6,true>",106664.0,16,16,58946.398,26,220
dense,io_stream,Resource,32,32,22,"ac_fixed<16,6,true>",106664.0,16,16,58946.398,29,235
dense,io_stream,Resource,32,32,23,"ac_fixed<16,6,true>",106664.0,16,16,58946.398,26,216
dense,io_stream,Resource,32,32,24,"ac_fixed<16,6,true>",106664.0,16,16,58946.398,27,222
dense,io_stream,Resource,32,32,25,"ac_fixed<16,6,true>",67400.7,32,32,37839.298,23,146
dense,io_stream,Resource,32,32,26,"ac_fixed<16,6,true>",67400.7,32,32,37839.298,23,136
dense,io_stream,Resource,32,32,27,"ac_fixed<16,6,true>",67400.7,32,32,37839.298,21,127
dense,io_stream,Resource,32,32,28,"ac_fixed<16,6,true>",67400.7,32,32,37839.298,24,125
dense,io_stream,Resource,32,32,29,"ac_fixed<16,6,true>",67400.7,32,32,37839.298,21,129
dense,io_stream,Resource,32,32,30,"ac_fixed<16,6,true>",67400.7,32,32,37839.298,22,127
dense,io_stream,Resource,32,32,31,"ac_fixed<16,6,true>",67400.7,32,32,37839.298,21,128
dense,io_stream,Resource,32,32,32,"ac_fixed<16,6,true>",67400.7,32,32,37839.298,21,132
dense,io_stream,Latency,4,4,5,"ac_fixed<16,6,true>",6677.5,16,16,6114.808,17,44
dense,io_stream,Latency,4,4,6,"ac_fixed<16,6,true>",6391.1,8,8,5896.688,13,42
dense,io_stream,Latency,4,4,7,"ac_fixed<16,6,true>",6391.1,8,8,5896.688,15,43
dense,io_stream,Latency,4,4,8,"ac_fixed<16,6,true>",6391.1,8,8,5896.688,15,41
dense,io_stream,Latency,4,4,9,"ac_fixed<16,6,true>",5640.8,16,16,5684.952,14,41
dense,io_stream,Latency,4,4,10,"ac_fixed<16,6,true>",5640.8,16,16,5684.952,14,42
dense,io_stream,Latency,4,4,11,"ac_fixed<16,6,true>",5640.8,16,16,5684.952,14,37
dense,io_stream,Latency,4,4,12,"ac_fixed<16,6,true>",5640.8,16,16,5684.952,15,43
dense,io_stream,Latency,4,4,13,"ac_fixed<16,6,true>",5640.8,16,16,5684.952,14,43
dense,io_stream,Latency,4,4,14,"ac_fixed<16,6,true>",5640.8,16,16,5684.952,14,44
dense,io_stream,Latency,4,4,15,"ac_fixed<16,6,true>",5640.8,16,16,5684.952,13,43
dense,io_stream,Latency,4,4,16,"ac_fixed<16,6,true>",5640.8,16,16,5684.952,15,44
dense,io_stream,Resource,4,4,5,"ac_fixed<16,6,true>",6793.7,4,4,4612.706,11,44
dense,io_stream,Resource,4,4,6,"ac_fixed<16,6,true>",6793.7,4,4,4612.706,11,44
dense,io_stream,Resource,4,4,7,"ac_fixed<16,6,true>",4582.3,8,8,3545.514,13,31
dense,io_stream,Resource,4,4,8,"ac_fixed<16,6,true>",4582.3,8,8,3545.514,12,32
dense,io_stream,Resource,4,4,9,"ac_fixed<16,6,true>",4582.3,8,8,3545.514,13,32
dense,io_stream,Resource,4,4,10,"ac_fixed<16,6,true>",4582.3,8,8,3545.514,13,30
dense,io_stream,Resource,4,4,11,"ac_fixed<16,6,true>",4582.3,8,8,3545.514,13,33
dense,io_stream,Resource,4,4,12,"ac_fixed<16,6,true>",4582.3,8,8,3545.514,13,32
dense,io_stream,Resource,4,4,13,"ac_fixed<16,6,true>",3457.6,16,16,2819.600,13,27
dense,io_stream,Resource,4,4,14,"ac_fixed<16,6,true>",3457.6,16,16,2819.600,13,28
dense,io_stream,Resource,4,4,15,"ac_fixed<16,6,true>",3457.6,16,16,2819.600,13,27
dense,io_stream,Resource,4,4,16,"ac_fixed<16,6,true>",3457.6,16,16,2819.600,13,29
dense,io_parallel,Latency,4,4,5,"ac_fixed<16,6,true>",4536.3,77,82,4660.586,729,37
dense,io_parallel,Latency,4,4,6,"ac_fixed<16,6,true>",4231.5,44,50,4531.576,29,35
dense,io_parallel,Latency,4,4,7,"ac_fixed<16,6,true>",4237.5,51,58,4542.216,71,36
dense,io_parallel,Latency,4,4,8,"ac_fixed<16,6,true>",4242.5,58,66,4541.950,72,33
dense,io_parallel,Latency,4,4,9,"ac_fixed<16,6,true>",4238.3,136,146,4293.506,23,34
dense,io_parallel,Latency,4,4,10,"ac_fixed<16,6,true>",4243.3,151,162,4290.846,66,36
dense,io_parallel,Latency,4,4,11,"ac_fixed<16,6,true>",4248.3,166,178,4293.506,67,32
dense,io_parallel,Latency,4,4,12,"ac_fixed<16,6,true>",4254.3,181,194,4292.176,70,37
dense,io_parallel,Latency,4,4,13,"ac_fixed<16,6,true>",4259.3,196,210,4302.816,66,36
dense,io_parallel,Latency,4,4,14,"ac_fixed<16,6,true>",4264.3,211,226,4293.506,66,34
dense,io_parallel,Latency,4,4,15,"ac_fixed<16,6,true>",4270.3,226,242,4308.402,62,36
dense,io_parallel,Latency,4,4,16,"ac_fixed<16,6,true>",4275.3,241,258,4310.264,65,36
dense,io_parallel,Resource,4,4,5,"ac_fixed<16,6,true>",4177.4,4,6,3556.686,64,35
dense,io_parallel,Resource,4,4,6,"ac_fixed<16,6,true>",4177.4,4,6,3556.686,64,36
dense,io_parallel,Resource,4,4,7,"ac_fixed<16,6,true>",2837.9,8,10,2530.724,25,29
dense,io_parallel,Resource,4,4,8,"ac_fixed<16,6,true>",2837.9,8,10,2530.724,72,28
dense,io_parallel,Resource,4,4,9,"ac_fixed<16,6,true>",2837.9,8,10,2530.724,81,29
dense,io_parallel,Resource,4,4,10,"ac_fixed<16,6,true>",2837.9,8,10,2530.724,64,27
dense,io_parallel,Resource,4,4,11,"ac_fixed<16,6,true>",2837.9,8,10,2530.724,62,28
dense,io_parallel,Resource,4,4,12,"ac_fixed<16,6,true>",2837.9,8,10,2530.724,67,29
dense,io_parallel,Resource,4,4,13,"ac_fixed<16,6,true>",1970.2,16,18,1831.144,20,23
dense,io_parallel,Resource,4,4,14,"ac_fixed<16,6,true>",1970.2,16,18,1831.144,60,23
dense,io_parallel,Resource,4,4,15,"ac_fixed<16,6,true>",1970.2,16,18,1831.144,64,23
dense,io_parallel,Resource,4,4,16,"ac_fixed<16,6,true>",1970.2,16,18,1831.144,59,23
dense,io_parallel,Latency,8,8,16,"ac_fixed<16,6,true>",14836.7,241,258,15591.324,42,84
dense,io_parallel,Latency,8,8,24,"ac_fixed<16,6,true>",14215.4,745,770,14872.060,39,94
dense,io_parallel,Latency,8,8,32,"ac_fixed<16,6,true>",14258.4,993,1026,14824.180,143,102
dense,io_parallel,Latency,8,8,40,"ac_fixed<16,6,true>",13370.3,2521,2562,14225.148,38,91
dense,io_parallel,Latency,8,8,48,"ac_fixed<16,6,true>",13413.3,3025,3074,14236.054,72,90
dense,io_parallel,Latency,8,8,56,"ac_fixed<16,6,true>",13456.3,3529,3586,14231.266,76,90
dense,io_parallel,Latency,8,8,64,"ac_fixed<16,6,true>",13587.7,4033,4098,14175.140,107,98
dense,io_parallel,Resource,8,8,16,"ac_fixed<16,6,true>",5703.9,16,18,5235.412,51,60
dense,io_parallel,Resource,8,8,24,"ac_fixed<16,6,true>",5703.9,16,18,5235.412,163,58
dense,io_parallel,Resource,8,8,32,"ac_fixed<16,6,true>",3940.6,32,34,3676.386,39,40
dense,io_parallel,Resource,8,8,40,"ac_fixed<16,6,true>",3940.6,32,34,3676.386,67,29
dense,io_parallel,Resource,8,8,48,"ac_fixed<16,6,true>",3940.6,32,34,3676.386,63,30
dense,io_parallel,Resource,8,8,56,"ac_fixed<16,6,true>",3082.0,64,66,2922.542,24,31
dense,io_parallel,Resource,8,8,64,"ac_fixed<16,6,true>",3082.0,64,66,2922.542,60,29
dense,io_stream,Latency,8,8,16,"ac_fixed<16,6,true>",18298.1,16,16,17447.472,23,97
dense,io_stream,Latency,8,8,24,"ac_fixed<16,6,true>",17178.8,32,32,17055.654,23,108
dense,io_stream,Latency,8,8,32,"ac_fixed<16,6,true>",17178.8,32,32,17055.654,23,108
dense,io_stream,Latency,8,8,40,"ac_fixed<16,6,true>",15788.4,64,64,16603.188,22,108
dense,io_stream,Latency,8,8,48,"ac_fixed<16,6,true>",15788.4,64,64,16603.188,21,104
dense,io_stream,Latency,8,8,56,"ac_fixed<16,6,true>",15788.4,64,64,16603.188,21,105
dense,io_stream,Latency,8,8,64,"ac_fixed<16,6,true>",15788.4,64,64,16603.188,21,102
dense,io_stream,Resource,8,8,16,"ac_fixed<16,6,true>",9576.9,16,16,7078.792,13,38
dense,io_stream,Resource,8,8,24,"ac_fixed<16,6,true>",9576.9,16,16,7078.792,14,44
dense,io_stream,Resource,8,8,32,"ac_fixed<16,6,true>",7332.5,32,32,5794.278,61,44
dense,io_stream,Resource,8,8,40,"ac_fixed<16,6,true>",7332.5,32,32,5794.278,72,42
dense,io_stream,Resource,8,8,48,"ac_fixed<16,6,true>",7332.5,32,32,5794.278,74,38
dense,io_stream,Resource,8,8,56,"ac_fixed<16,6,true>",5929.7,64,64,5097.624,86,40
dense,io_stream,Resource,8,8,64,"ac_fixed<16,6,true>",5929.7,64,64,5097.624,95,41
dense,io_parallel,Latency,16,16,32,"ac_fixed<16,6,true>",50982.6,994,1026,53784.136,120,259
dense,io_parallel,Latency,16,16,48,"ac_fixed<16,6,true>",49967.5,15314,15362,49751.576,839,262
dense,io_parallel,Latency,16,16,64,"ac_fixed<16,6,true>",52654.4,4034,4098,55672.736,156,344
dense,io_parallel,Latency,16,16,80,"ac_fixed<16,6,true>",45974.1,22962,23042,48322.624,579,229
dense,io_parallel,Latency,16,16,96,"ac_fixed<16,6,true>",50804.4,12194,12290,54026.728,217,375
dense,io_parallel,Latency,16,16,112,"ac_fixed<16,6,true>",50971.3,14226,14338,55693.218,309,370
dense,io_parallel,Latency,16,16,128,"ac_fixed<16,6,true>",50888.8,16258,16386,54013.428,355,369
dense,io_parallel,Latency,16,16,144,"ac_fixed<16,6,true>",50065.8,36722,36866,53135.362,377,396
dense,io_parallel,Latency,16,16,160,"ac_fixed<16,6,true>",50169.8,40802,40962,53077.374,469,412
dense,io_parallel,Latency,16,16,176,"ac_fixed<16,6,true>",50260.3,44882,45058,53317.838,532,412
dense,io_parallel,Latency,16,16,192,"ac_fixed<16,6,true>",50322.7,48962,49154,53069.926,627,319
dense,io_parallel,Latency,16,16,208,"ac_fixed<16,6,true>",50454.3,53042,53250,56482.706,710,447
dense,io_parallel,Latency,16,16,224,"ac_fixed<16,6,true>",50630.8,57122,57346,53125.520,798,389
dense,io_parallel,Latency,16,16,240,"ac_fixed<16,6,true>",50564.7,61202,61442,53104.240,948,407
dense,io_parallel,Latency,16,16,256,"ac_fixed<16,6,true>",50583.3,65282,65538,53071.256,1061,365
dense,io_parallel,Resource,16,16,32,"ac_fixed<16,6,true>",11094.5,32,34,11091.402,51,61
dense,io_parallel,Resource,16,16,48,"ac_fixed<16,6,true>",11094.5,32,34,11091.402,64,62
dense,io_parallel,Resource,16,16,64,"ac_fixed<16,6,true>",7786.8,64,66,7751.240,40,56
dense,io_parallel,Resource,16,16,80,"ac_fixed<16,6,true>",7786.8,64,66,7751.240,63,52
dense,io_parallel,Resource,16,16,96,"ac_fixed<16,6,true>",7786.8,64,66,7751.240,63,54
dense,io_parallel,Resource,16,16,112,"ac_fixed<16,6,true>",6115.2,128,130,6143.802,34,52
dense,io_parallel,Resource,16,16,128,"ac_fixed<16,6,true>",6115.2,128,130,6143.802,73,53
dense,io_parallel,Resource,16,16,144,"ac_fixed<16,6,true>",6115.2,128,130,6143.802,65,51
dense,io_parallel,Resource,16,16,160,"ac_fixed<16,6,true>",6115.2,128,130,6143.802,71,53
dense,io_parallel,Resource,16,16,176,"ac_fixed<16,6,true>",6115.2,128,130,6143.802,63,54
dense,io_parallel,Resource,16,16,192,"ac_fixed<16,6,true>",6115.2,128,130,6143.802,72,57
dense,io_parallel,Resource,16,16,208,"ac_fixed<16,6,true>",5243.8,256,258,5280.100,28,53
dense,io_parallel,Resource,16,16,224,"ac_fixed<16,6,true>",5243.8,256,258,5280.100,58,53
dense,io_parallel,Resource,16,16,240,"ac_fixed<16,6,true>",5243.8,256,258,5280.100,62,53
dense,io_parallel,Resource,16,16,256,"ac_fixed<16,6,true>",5243.8,256,258,5280.100,63,49
dense,io_stream,Latency,16,16,32,"ac_fixed<16,6,true>",61031.2,33,32,64082.060,74,292
dense,io_stream,Latency,16,16,48,"ac_fixed<16,6,true>",78791.1,321,320,66839.416,980,615
dense,io_stream,Latency,16,16,64,"ac_fixed<16,6,true>",60117.6,65,64,62270.068,66,415
dense,io_stream,Latency,16,16,80,"ac_fixed<16,6,true>",60765.5,289,288,62593.790,535,501
dense,io_stream,Latency,16,16,96,"ac_fixed<16,6,true>",57004.9,129,128,62457.864,63,399
dense,io_stream,Latency,16,16,112,"ac_fixed<16,6,true>",57004.9,129,128,62457.864,63,397
dense,io_stream,Latency,16,16,128,"ac_fixed<16,6,true>",57004.9,129,128,62457.864,57,418
dense,io_stream,Latency,16,16,144,"ac_fixed<16,6,true>",54957.9,257,256,60300.072,59,376
dense,io_stream,Latency,16,16,160,"ac_fixed<16,6,true>",54957.9,257,256,60300.072,59,384
dense,io_stream,Latency,16,16,176,"ac_fixed<16,6,true>",54957.9,257,256,60300.072,61,382
dense,io_stream,Latency,16,16,192,"ac_fixed<16,6,true>",54957.9,257,256,60300.072,60,373
dense,io_stream,Latency,16,16,208,"ac_fixed<16,6,true>",54957.9,257,256,60300.072,58,392
dense,io_stream,Latency,16,16,224,"ac_fixed<16,6,true>",54957.9,257,256,60300.072,62,320
dense,io_stream,Latency,16,16,240,"ac_fixed<16,6,true>",54957.9,257,256,60300.072,58,399
dense,io_stream,Latency,16,16,256,"ac_fixed<16,6,true>",54957.9,257,256,60300.072,62,318
dense,io_stream,Resource,16,16,32,"ac_fixed<16,6,true>",20960.6,32,32,13537.538,17,84
dense,io_stream,Resource,16,16,48,"ac_fixed<16,6,true>",20960.6,32,32,13537.538,16,78
dense,io_stream,Resource,16,16,64,"ac_fixed<16,6,true>",15486.7,64,64,11362.190,72,73
dense,io_stream,Resource,16,16,80,"ac_fixed<16,6,true>",15486.7,64,64,11362.190,67,82
dense,io_stream,Resource,16,16,96,"ac_fixed<16,6,true>",15486.7,64,64,11362.190,65,86
dense,io_stream,Resource,16,16,112,"ac_fixed<16,6,true>",12131.3,128,128,10173.702,65,71
dense,io_stream,Resource,16,16,128,"ac_fixed<16,6,true>",12131.3,128,128,10173.702,65,80
dense,io_stream,Resource,16,16,144,"ac_fixed<16,6,true>",12131.3,128,128,10173.702,61,84
dense,io_stream,Resource,16,16,160,"ac_fixed<16,6,true>",12131.3,128,128,10173.702,63,86
dense,io_stream,Resource,16,16,176,"ac_fixed<16,6,true>",12131.3,128,128,10173.702,60,89
dense,io_stream,Resource,16,16,192,"ac_fixed<16,6,true>",12131.3,128,128,10173.702,65,82
dense,io_stream,Resource,16,16,208,"ac_fixed<16,6,true>",10292.1,256,256,9492.742,62,75
dense,io_stream,Resource,16,16,224,"ac_fixed<16,6,true>",10292.1,256,256,9492.742,62,74
dense,io_stream,Resource,16,16,240,"ac_fixed<16,6,true>",10292.1,256,256,9492.742,60,76
dense,io_stream,Resource,16,16,256,"ac_fixed<16,6,true>",10292.1,256,256,9492.742,63,76
dense,io_stream,Latency,32,32,64,"ac_fixed<16,6,true>",208843.2,65,64,230049.036,573,947
dense,io_stream,Resource,32,32,64,"ac_fixed<16,6,true>",46359.3,64,64,28061.670,37,168
dense,io_stream,Resource,32,32,96,"ac_fixed<16,6,true>",46359.3,64,64,28061.670,135,159
dense,io_stream,Resource,32,32,128,"ac_fixed<16,6,true>",32720.5,128,128,22891.960,33,126
dense,io_stream,Resource,32,32,160,"ac_fixed<16,6,true>",32720.5,128,128,22891.960,72,126
dense,io_stream,Resource,32,32,192,"ac_fixed<16,6,true>",32720.5,128,128,22891.960,71,138
dense,io_stream,Resource,32,32,224,"ac_fixed<16,6,true>",24979.0,256,256,20514.718,70,156
dense,io_stream,Resource,32,32,256,"ac_fixed<16,6,true>",24979.0,256,256,20514.718,68,131
dense,io_stream,Resource,32,32,288,"ac_fixed<16,6,true>",24979.0,256,256,20514.718,71,160
dense,io_stream,Resource,32,32,320,"ac_fixed<16,6,true>",24979.0,256,256,20514.718,67,156
dense,io_stream,Resource,32,32,352,"ac_fixed<16,6,true>",24979.0,256,256,20514.718,72,157
dense,io_stream,Resource,32,32,384,"ac_fixed<16,6,true>",24979.0,256,256,20514.718,69,159
dense,io_stream,Resource,32,32,416,"ac_fixed<16,6,true>",20722.7,512,512,19513.760,68,171
dense,io_stream,Resource,32,32,448,"ac_fixed<16,6,true>",20722.7,512,512,19513.760,71,164
dense,io_stream,Resource,32,32,480,"ac_fixed<16,6,true>",20722.7,512,512,19513.760,70,170
dense,io_stream,Resource,32,32,512,"ac_fixed<16,6,true>",20722.7,512,512,19513.760,69,172
dense,io_stream,Resource,32,32,544,"ac_fixed<16,6,true>",20722.7,512,512,19513.760,71,144
dense,io_stream,Resource,32,32,576,"ac_fixed<16,6,true>",20722.7,512,512,19513.760,72,171
dense,io_stream,Resource,32,32,608,"ac_fixed<16,6,true>",20722.7,512,512,19513.760,71,166
dense,io_stream,Resource,32,32,640,"ac_fixed<16,6,true>",20722.7,512,512,19513.760,74,172
dense,io_stream,Resource,32,32,672,"ac_fixed<16,6,true>",20722.7,512,512,19513.760,76,143
dense,io_stream,Resource,32,32,704,"ac_fixed<16,6,true>",20722.7,512,512,19513.760,77,138
dense,io_stream,Resource,32,32,736,"ac_fixed<16,6,true>",20722.7,512,512,19513.760,71,159
dense,io_stream,Resource,32,32,768,"ac_fixed<16,6,true>",20722.7,512,512,19513.760,71,136
dense,io_stream,Resource,32,32,800,"ac_fixed<16,6,true>",18474.2,1024,1024,18816.308,73,136
dense,io_stream,Resource,32,32,832,"ac_fixed<16,6,true>",18474.2,1024,1024,18816.308,68,133
dense,io_stream,Resource,32,32,864,"ac_fixed<16,6,true>",18474.2,1024,1024,18816.308,73,138
dense,io_stream,Resource,32,32,896,"ac_fixed<16,6,true>",18474.2,1024,1024,18816.308,69,112
dense,io_stream,Resource,32,32,928,"ac_fixed<16,6,true>",18474.2,1024,1024,18816.308,70,139
dense,io_stream,Resource,32,32,960,"ac_fixed<16,6,true>",18474.2,1024,1024,18816.308,71,136
dense,io_stream,Resource,32,32,992,"ac_fixed<16,6,true>",18474.2,1024,1024,18816.308,68,134
dense,io_stream,Resource,32,32,1024,"ac_fixed<16,6,true>",18474.2,1024,1024,18816.308,77,138
dense,io_stream,Resource,8,8,9,"ac_fixed<16,6,true>",13952.8,8,8,9816.464,12,67
